player,team,pass_attempts,throwaways,spikes,drops,drop_pct,bad_throws,bad_throw_pct,season,pfr_id,pocket_time,times_blitzed,times_hurried,times_hit,times_pressured,pressure_pct,batted_balls,on_tgt_throws,on_tgt_pct,rpo_plays,rpo_yards,rpo_pass_att,rpo_pass_yards,rpo_rush_att,rpo_rush_yards,pa_pass_att,pa_pass_yards,intended_air_yards,intended_air_yards_per_pass_attempt,completed_air_yards,completed_air_yards_per_completion,completed_air_yards_per_pass_attempt,pass_yards_after_catch,pass_yards_after_catch_per_completion,scrambles,scramble_yards_per_attempt
Tua Tagovailoa,MIA,560.0,14.0,2.0,24.0,4.4,78.0,14.3,2023,TagoTu00,2.1,116.0,39.0,27.0,95.0,15.7,9.0,430.0,79.0,111.0,1073.0,105.0,1069.0,1.0,4.0,126.0,1145.0,,,,,,,,,
Jared Goff,DET,605.0,27.0,4.0,35.0,6.1,87.0,15.2,2023,GoffJa00,2.3,212.0,42.0,69.0,141.0,22.0,14.0,461.0,80.3,23.0,189.0,22.0,186.0,1.0,3.0,151.0,1415.0,,,,,,,,,
Dak Prescott,DAL,590.0,10.0,0.0,38.0,6.6,68.0,11.7,2023,PresDa01,2.4,163.0,26.0,47.0,112.0,17.0,10.0,479.0,82.6,89.0,696.0,80.0,671.0,5.0,25.0,100.0,613.0,,,,,,,,,
Josh Allen,BUF,579.0,28.0,2.0,31.0,5.6,78.0,14.2,2023,AlleJo02,2.3,181.0,51.0,51.0,126.0,19.3,7.0,427.0,77.8,83.0,675.0,70.0,637.0,9.0,38.0,92.0,929.0,,,,,,,,,
Brock Purdy,SF,444.0,12.0,3.0,9.0,2.1,70.0,16.3,2023,PurdBr00,2.6,142.0,28.0,42.0,98.0,20.1,13.0,324.0,75.5,24.0,236.0,20.0,227.0,1.0,9.0,93.0,969.0,,,,,,,,,
Patrick Mahomes,KC,597.0,29.0,2.0,39.0,6.9,75.0,13.3,2023,MahoPa00,2.5,133.0,60.0,65.0,152.0,22.6,6.0,457.0,80.7,56.0,337.0,51.0,325.0,3.0,12.0,79.0,794.0,,,,,,,,,
Jordan Love,GB,579.0,18.0,2.0,29.0,5.2,98.0,17.5,2023,LoveJo03,2.5,215.0,47.0,42.0,119.0,18.8,8.0,428.0,76.6,75.0,535.0,63.0,495.0,9.0,40.0,113.0,1105.0,,,,,,,,,
C.J. Stroud,HOU,499.0,16.0,6.0,18.0,3.8,95.0,19.9,2023,StroCJ00,2.5,126.0,47.0,38.0,123.0,22.0,9.0,357.0,74.8,34.0,344.0,31.0,343.0,1.0,1.0,94.0,1036.0,,,,,,,,,
Baker Mayfield,TB,566.0,17.0,0.0,24.0,4.4,81.0,14.8,2023,MayfBa00,2.4,141.0,37.0,35.0,112.0,17.6,20.0,411.0,74.9,59.0,296.0,51.0,284.0,5.0,12.0,95.0,728.0,,,,,,,,,
Trevor Lawrence,JAX,564.0,12.0,0.0,24.0,4.3,104.0,18.8,2023,LawrTr00,2.2,158.0,39.0,42.0,116.0,18.1,16.0,410.0,74.3,77.0,510.0,65.0,449.0,10.0,61.0,85.0,875.0,,,,,,,,,
Matthew Stafford,LAR,521.0,22.0,3.0,33.0,6.7,94.0,19.0,2023,StafMa00,2.5,172.0,27.0,43.0,100.0,17.7,8.0,372.0,75.0,20.0,157.0,19.0,157.0,0.0,0.0,97.0,1013.0,,,,,,,,,
Sam Howell,WAS,612.0,32.0,1.0,25.0,4.3,88.0,15.2,2023,HoweSa00,2.4,181.0,39.0,57.0,161.0,22.7,20.0,427.0,73.7,77.0,369.0,66.0,345.0,4.0,24.0,67.0,370.0,,,,,,,,,
Derek Carr,NO,548.0,25.0,0.0,20.0,3.8,80.0,15.3,2023,CarrDe02,2.3,172.0,24.0,35.0,90.0,15.3,5.0,417.0,79.7,23.0,114.0,23.0,114.0,0.0,0.0,87.0,813.0,,,,,,,,,
Jalen Hurts,PHI,538.0,35.0,0.0,19.0,3.8,72.0,14.3,2023,HurtJa00,2.6,185.0,59.0,29.0,124.0,20.0,14.0,397.0,78.9,116.0,582.0,89.0,498.0,20.0,84.0,81.0,646.0,,,,,,,,,
Lamar Jackson,BAL,457.0,15.0,1.0,22.0,5.0,73.0,16.6,2023,JackLa00,2.7,169.0,22.0,29.0,88.0,15.7,9.0,326.0,73.9,115.0,1046.0,86.0,893.0,25.0,153.0,58.0,525.0,,,,,,,,,
Geno Smith,SEA,499.0,21.0,4.0,24.0,5.1,69.0,14.6,2023,SmitGe00,2.4,145.0,63.0,46.0,140.0,25.5,18.0,358.0,75.5,49.0,493.0,45.0,483.0,3.0,10.0,113.0,1115.0,,,,,,,,,
Gardner Minshew II,IND,490.0,25.0,0.0,26.0,5.6,70.0,15.1,2023,MinsGa00,2.4,169.0,32.0,30.0,96.0,17.6,16.0,345.0,74.2,99.0,641.0,89.0,610.0,4.0,31.0,61.0,466.0,,,,,,,,,
Justin Herbert,LAC,456.0,11.0,0.0,22.0,4.9,71.0,16.0,2023,HerbJu00,2.4,158.0,36.0,42.0,107.0,20.9,11.0,339.0,76.2,68.0,435.0,60.0,402.0,7.0,33.0,80.0,517.0,,,,,,,,,
Russell Wilson,DEN,447.0,26.0,4.0,17.0,4.1,55.0,13.2,2023,WilsRu00,2.7,144.0,42.0,48.0,135.0,25.5,11.0,325.0,77.9,30.0,296.0,22.0,235.0,8.0,61.0,94.0,673.0,,,,,,,,,
Bryce Young,CAR,527.0,46.0,1.0,23.0,4.8,103.0,21.5,2023,YounBr01,2.5,166.0,38.0,50.0,150.0,24.2,6.0,352.0,73.3,31.0,149.0,26.0,145.0,1.0,4.0,81.0,589.0,,,,,,,,,
Desmond Ridder,ATL,388.0,11.0,2.0,17.0,4.5,55.0,14.7,2023,RiddDe00,2.3,90.0,26.0,28.0,85.0,19.4,12.0,283.0,75.5,65.0,472.0,53.0,427.0,11.0,45.0,100.0,775.0,,,,,,,,,
Justin Fields,CHI,370.0,25.0,0.0,13.0,3.8,58.0,16.8,2023,FielJu00,2.8,143.0,44.0,33.0,121.0,26.5,11.0,252.0,73.0,60.0,480.0,39.0,397.0,16.0,83.0,73.0,534.0,,,,,,,,,
Joshua Dobbs,2TM,417.0,13.0,0.0,15.0,3.7,67.0,16.6,2023,DobbJo00,,121.0,23.0,58.0,111.0,23.0,9.0,283.0,70.0,40.0,355.0,32.0,284.0,7.0,71.0,86.0,485.0,,,,,,,,,
Kirk Cousins,MIN,311.0,5.0,2.0,16.0,5.3,39.0,12.8,2023,CousKi00,2.5,106.0,21.0,45.0,83.0,25.1,3.0,250.0,82.2,15.0,39.0,13.0,39.0,0.0,0.0,85.0,616.0,,,,,,,,,
Joe Burrow,CIN,365.0,11.0,1.0,21.0,5.9,52.0,14.7,2023,BurrJo01,2.2,83.0,13.0,37.0,74.0,18.4,10.0,267.0,75.6,55.0,263.0,54.0,262.0,1.0,1.0,35.0,361.0,,,,,,,,,
Zach Wilson,NYJ,368.0,20.0,3.0,22.0,6.4,54.0,15.7,2023,WilsZa00,2.5,113.0,47.0,41.0,134.0,30.5,8.0,267.0,77.4,15.0,69.0,14.0,69.0,0.0,0.0,74.0,635.0,,,,,,,,,
Aidan O'Connell,LVR,343.0,19.0,1.0,15.0,4.6,56.0,17.3,2023,OConAi00,2.4,101.0,7.0,22.0,53.0,14.4,7.0,235.0,72.8,13.0,119.0,13.0,119.0,0.0,0.0,73.0,544.0,,,,,,,,,
Mac Jones,NE,345.0,6.0,0.0,16.0,4.7,54.0,15.9,2023,JoneMa05,2.2,92.0,30.0,24.0,76.0,20.1,8.0,254.0,74.9,28.0,143.0,27.0,138.0,1.0,5.0,51.0,393.0,,,,,,,,,
Kenny Pickett,PIT,324.0,13.0,1.0,11.0,3.5,57.0,18.4,2023,PickKe00,2.4,81.0,33.0,37.0,93.0,25.8,9.0,222.0,71.6,18.0,148.0,18.0,148.0,0.0,0.0,46.0,352.0,,,,,,,,,
Jake Browning,CIN,243.0,8.0,0.0,9.0,3.8,23.0,9.8,2023,BrowJa08,2.5,80.0,25.0,26.0,75.0,26.5,7.0,186.0,79.1,23.0,167.0,21.0,167.0,1.0,0.0,34.0,381.0,,,,,,,,,
Will Levis,TEN,255.0,7.0,2.0,12.0,4.9,41.0,16.7,2023,LeviWi00,2.5,88.0,8.0,46.0,82.0,28.1,5.0,165.0,67.1,20.0,115.0,15.0,112.0,3.0,3.0,61.0,574.0,,,,,,,,,
Kyler Murray,ARI,268.0,5.0,1.0,10.0,3.8,35.0,13.4,2023,MurrKy00,2.4,73.0,20.0,19.0,57.0,18.8,10.0,196.0,74.8,32.0,148.0,22.0,128.0,7.0,20.0,44.0,467.0,,,,,,,,,
Joe Flacco,CLE,204.0,7.0,0.0,9.0,4.6,35.0,17.8,2023,FlacJo00,2.6,46.0,19.0,14.0,41.0,19.3,3.0,138.0,70.1,9.0,177.0,9.0,177.0,0.0,0.0,63.0,704.0,,,,,,,,,
Ryan Tannehill,TEN,230.0,7.0,2.0,12.0,5.4,31.0,14.0,2023,TannRy00,2.4,65.0,10.0,30.0,72.0,26.7,5.0,166.0,75.1,14.0,113.0,13.0,101.0,1.0,12.0,58.0,537.0,,,,,,,,,
Tyrod Taylor,NYG,180.0,8.0,6.0,11.0,6.6,24.0,14.5,2023,TaylTy00,2.3,55.0,19.0,15.0,51.0,22.8,1.0,134.0,80.7,17.0,184.0,15.0,177.0,1.0,7.0,24.0,207.0,,,,,,,,,
Nick Mullens,MIN,148.0,2.0,1.0,1.0,0.7,29.0,20.0,2023,MullNi00,2.5,44.0,12.0,25.0,49.0,29.7,4.0,106.0,73.1,12.0,93.0,12.0,93.0,0.0,0.0,54.0,534.0,,,,,,,,,
Bailey Zappe,NE,212.0,8.0,1.0,7.0,3.4,41.0,20.2,2023,ZappBa00,2.4,82.0,14.0,11.0,50.0,20.3,5.0,145.0,71.4,14.0,56.0,10.0,43.0,3.0,13.0,34.0,357.0,,,,,,,,,
Jimmy Garoppolo,LVR,169.0,3.0,1.0,5.0,3.0,30.0,18.2,2023,GaroJi00,2.5,51.0,5.0,15.0,34.0,17.8,5.0,117.0,70.9,3.0,16.0,3.0,16.0,0.0,0.0,37.0,309.0,,,,,,,,,
Easton Stick,LAC,174.0,3.0,1.0,8.0,4.7,32.0,18.8,2023,SticEa00,2.4,67.0,6.0,11.0,31.0,15.7,5.0,121.0,71.2,35.0,262.0,27.0,226.0,8.0,36.0,25.0,179.0,,,,,,,,,
Deshaun Watson,CLE,171.0,5.0,1.0,12.0,7.3,34.0,20.6,2023,WatsDe00,2.5,59.0,13.0,18.0,48.0,23.4,4.0,118.0,71.5,20.0,115.0,17.0,116.0,1.0,-1.0,34.0,334.0,,,,,,,,,
Tommy DeVito,NYG,178.0,10.0,0.0,8.0,4.8,21.0,12.5,2023,DeViTo00,2.6,68.0,16.0,9.0,62.0,26.1,7.0,129.0,76.8,16.0,131.0,13.0,123.0,2.0,8.0,19.0,138.0,,,,,,,,,
Daniel Jones,NYG,160.0,7.0,0.0,6.0,3.9,21.0,13.7,2023,JoneDa05,2.3,47.0,17.0,17.0,64.0,30.5,5.0,120.0,78.4,30.0,198.0,23.0,160.0,6.0,38.0,30.0,262.0,,,,,,,,,
Taylor Heinicke,ATL,136.0,6.0,2.0,8.0,6.3,31.0,24.2,2023,HeinTa00,2.5,37.0,9.0,13.0,30.0,19.1,2.0,89.0,69.5,18.0,186.0,17.0,185.0,1.0,1.0,31.0,317.0,,,,,,,,,
Tyson Bagent,CHI,143.0,5.0,0.0,6.0,4.3,19.0,13.8,2023,BageTy00,2.6,48.0,11.0,10.0,26.0,16.4,4.0,106.0,76.8,15.0,76.0,12.0,73.0,1.0,3.0,21.0,206.0,,,,,,,,,
Trevor Siemian,NYJ,153.0,8.0,0.0,2.0,1.4,33.0,22.8,2023,SiemTr00,2.2,46.0,4.0,16.0,28.0,16.8,4.0,97.0,66.9,1.0,0.0,1.0,0.0,0.0,0.0,19.0,87.0,,,,,,,,,
Mason Rudolph,PIT,74.0,5.0,0.0,0.0,0.0,7.0,10.1,2023,RudoMa00,2.3,24.0,3.0,3.0,12.0,14.6,1.0,57.0,82.6,7.0,71.0,6.0,64.0,1.0,7.0,12.0,72.0,,,,,,,,,
P.J. Walker,CLE,111.0,3.0,1.0,6.0,5.6,32.0,29.9,2023,WalkPh00,2.6,29.0,8.0,20.0,39.0,31.0,4.0,61.0,57.0,9.0,94.0,5.0,78.0,3.0,16.0,23.0,70.0,,,,,,,,,
Mitchell Trubisky,PIT,107.0,1.0,1.0,5.0,4.8,20.0,19.0,2023,TrubMi00,2.4,18.0,6.0,8.0,21.0,17.2,1.0,82.0,78.1,4.0,24.0,3.0,19.0,1.0,5.0,8.0,37.0,,,,,,,,,
Anthony Richardson,IND,84.0,3.0,0.0,6.0,7.4,17.0,21.0,2023,RichAn03,2.6,24.0,10.0,5.0,22.0,22.0,2.0,60.0,74.1,19.0,147.0,11.0,88.0,6.0,59.0,8.0,41.0,,,,,,,,,
Drew Lock,SEA,76.0,1.0,0.0,6.0,8.0,12.0,16.0,2023,LockDr00,2.3,14.0,7.0,1.0,14.0,16.5,4.0,54.0,72.0,7.0,15.0,7.0,15.0,0.0,0.0,15.0,157.0,,,,,,,,,
Jarrett Stidham,DEN,66.0,4.0,0.0,2.0,3.2,12.0,19.4,2023,StidJa00,2.6,18.0,3.0,8.0,18.0,23.7,0.0,43.0,69.4,2.0,21.0,2.0,21.0,0.0,0.0,15.0,161.0,,,,,,,,,
Dorian Thompson-Robinson,CLE,112.0,4.0,2.0,11.0,10.4,21.0,19.8,2023,ThomDo02,2.4,38.0,7.0,10.0,23.0,18.5,2.0,74.0,69.8,17.0,73.0,13.0,59.0,3.0,14.0,9.0,41.0,,,,,,,,,
Andy Dalton,CAR,58.0,1.0,0.0,5.0,8.8,11.0,19.3,2023,DaltAn00,2.2,14.0,2.0,5.0,10.0,16.1,2.0,39.0,68.4,2.0,16.0,1.0,15.0,1.0,1.0,3.0,15.0,,,,,,,,,
Tim Boyle,NYJ,77.0,2.0,0.0,4.0,5.3,18.0,24.0,2023,BoylTi00,2.3,7.0,8.0,6.0,23.0,26.7,1.0,56.0,74.7,3.0,45.0,3.0,45.0,0.0,0.0,12.0,53.0,,,,,,,,,
C.J. Beathard,JAX,53.0,3.0,0.0,2.0,4.0,4.0,8.0,2023,BeatC.00,2.2,14.0,1.0,5.0,12.0,19.0,1.0,42.0,84.0,1.0,0.0,0.0,0.0,0.0,0.0,4.0,17.0,,,,,,,,,
Sam Darnold,SF,46.0,0.0,1.0,0.0,0.0,12.0,26.7,2023,DarnSa00,2.9,8.0,1.0,2.0,9.0,16.4,0.0,31.0,68.9,4.0,26.0,4.0,26.0,0.0,0.0,6.0,17.0,,,,,,,,,
Case Keenum,HOU,53.0,2.0,0.0,2.0,3.9,7.0,13.7,2023,KeenCa00,2.5,16.0,1.0,5.0,12.0,20.3,0.0,37.0,72.5,7.0,26.0,7.0,26.0,0.0,0.0,5.0,21.0,,,,,,,,,
Jameis Winston,NO,47.0,1.0,0.0,3.0,6.5,10.0,21.7,2023,WinsJa00,2.1,19.0,3.0,2.0,7.0,14.3,0.0,35.0,76.1,1.0,11.0,1.0,11.0,0.0,0.0,1.0,11.0,,,,,,,,,
Brian Hoyer,LVR,42.0,0.0,0.0,1.0,2.4,10.0,23.8,2023,HoyeBr00,2.1,14.0,1.0,1.0,3.0,7.0,1.0,24.0,57.1,1.0,6.0,1.0,6.0,0.0,0.0,8.0,72.0,,,,,,,,,
Jacoby Brissett,WAS,23.0,1.0,0.0,1.0,4.5,1.0,4.5,2023,BrisJa00,2.5,2.0,0.0,2.0,2.0,8.0,0.0,19.0,86.4,0.0,0.0,0.0,0.0,0.0,0.0,3.0,21.0,,,,,,,,,
Tyler Huntley,BAL,37.0,2.0,0.0,4.0,11.4,7.0,20.0,2023,HuntTy01,2.8,11.0,0.0,1.0,5.0,10.2,1.0,21.0,60.0,4.0,18.0,4.0,18.0,0.0,0.0,2.0,7.0,,,,,,,,,
Blaine Gabbert,KC,35.0,1.0,0.0,5.0,14.7,6.0,17.6,2023,GabbBl00,1.9,10.0,0.0,10.0,11.0,27.5,2.0,23.0,67.6,4.0,21.0,4.0,21.0,0.0,0.0,6.0,45.0,,,,,,,,,
Davis Mills,HOU,39.0,1.0,0.0,4.0,10.5,8.0,21.1,2023,MillDa02,2.4,7.0,2.0,1.0,5.0,11.9,1.0,24.0,63.2,1.0,0.0,1.0,0.0,0.0,0.0,3.0,8.0,,,,,,,,,
Brett Rypien,LAR,38.0,1.0,0.0,2.0,5.4,6.0,16.2,2023,RypiBr00,2.4,8.0,2.0,4.0,8.0,18.6,4.0,27.0,73.0,1.0,0.0,0.0,0.0,0.0,0.0,6.0,13.0,,,,,,,,,
Jaren Hall,MIN,20.0,1.0,0.0,0.0,0.0,5.0,26.3,2023,HallJa00,2.7,9.0,1.0,2.0,7.0,25.9,0.0,14.0,73.7,1.0,17.0,1.0,17.0,0.0,0.0,5.0,46.0,,,,,,,,,
Jeff Driskel,CLE,26.0,1.0,0.0,4.0,16.0,4.0,16.0,2023,DrisJe00,2.4,3.0,0.0,5.0,8.0,25.0,2.0,18.0,72.0,2.0,7.0,1.0,7.0,0.0,0.0,5.0,20.0,,,,,,,,,
Marcus Mariota,PHI,23.0,0.0,0.0,0.0,0.0,2.0,8.7,2023,MariMa01,2.4,9.0,2.0,1.0,6.0,21.4,2.0,18.0,78.3,6.0,38.0,6.0,38.0,0.0,0.0,0.0,0.0,,,,,,,,,
Carson Wentz,LAR,24.0,0.0,0.0,1.0,4.2,6.0,25.0,2023,WentCa00,2.4,6.0,0.0,1.0,3.0,10.0,0.0,18.0,75.0,1.0,7.0,1.0,7.0,0.0,0.0,4.0,18.0,,,,,,,,,
Cooper Rush,DAL,24.0,0.0,0.0,0.0,0.0,6.0,25.0,2023,RushCo00,2.0,12.0,0.0,0.0,1.0,4.0,0.0,18.0,75.0,1.0,0.0,1.0,0.0,0.0,0.0,7.0,81.0,,,,,,,,,
Taysom Hill,NO,11.0,0.0,0.0,0.0,0.0,3.0,27.3,2023,HillTa00,2.6,9.0,0.0,0.0,2.0,11.8,1.0,7.0,63.6,20.0,130.0,2.0,0.0,17.0,130.0,3.0,14.0,,,,,,,,,
Mike White,MIA,6.0,0.0,0.0,0.0,0.0,0.0,0.0,2023,WhitMi01,1.7,1.0,0.0,0.0,0.0,0.0,0.0,5.0,83.3,0.0,0.0,0.0,0.0,0.0,0.0,0.0,0.0,,,,,,,,,
Malik Willis,TEN,5.0,0.0,0.0,0.0,0.0,1.0,20.0,2023,WillMa12,2.8,0.0,0.0,0.0,4.0,33.3,0.0,4.0,80.0,0.0,0.0,0.0,0.0,0.0,0.0,1.0,9.0,,,,,,,,,
Clayton Tune,ARI,21.0,0.0,0.0,1.0,4.8,2.0,9.5,2023,TuneCl00,2.2,4.0,1.0,3.0,11.0,33.3,3.0,15.0,71.4,1.0,2.0,1.0,2.0,0.0,0.0,5.0,28.0,,,,,,,,,
Keenan Allen,LAC,2.0,0.0,0.0,0.0,0.0,1.0,50.0,2023,AlleKe00,3.3,2.0,0.0,0.0,0.0,0.0,0.0,1.0,50.0,0.0,0.0,0.0,0.0,0.0,0.0,0.0,0.0,,,,,,,,,
Sean Clifford,GB,1.0,0.0,0.0,0.0,0.0,0.0,0.0,2023,ClifSe00,2.4,1.0,0.0,0.0,0.0,0.0,0.0,1.0,100.0,0.0,0.0,0.0,0.0,0.0,0.0,0.0,0.0,,,,,,,,,
Jalen Reeves-Maybin,DET,1.0,0.0,0.0,0.0,0.0,0.0,0.0,2023,ReevJa00,1.7,0.0,0.0,0.0,0.0,0.0,0.0,1.0,100.0,0.0,0.0,0.0,0.0,0.0,0.0,0.0,0.0,,,,,,,,,
Braden Mann,PHI,1.0,0.0,0.0,0.0,0.0,0.0,0.0,2023,MannBr01,2.1,0.0,0.0,0.0,0.0,0.0,0.0,1.0,100.0,0.0,0.0,0.0,0.0,0.0,0.0,0.0,0.0,,,,,,,,,
Logan Woodside,ATL,4.0,0.0,0.0,0.0,0.0,0.0,0.0,2023,WoodLo00,2.4,0.0,0.0,1.0,2.0,40.0,0.0,3.0,75.0,3.0,28.0,2.0,22.0,1.0,6.0,2.0,22.0,,,,,,,,,
Drake London,ATL,1.0,0.0,0.0,0.0,0.0,0.0,0.0,2023,LondDr00,2.1,0.0,1.0,0.0,1.0,100.0,0.0,1.0,100.0,1.0,22.0,1.0,22.0,0.0,0.0,0.0,0.0,,,,,,,,,
A.J. McCarron,CIN,5.0,0.0,0.0,0.0,0.0,1.0,20.0,2023,McCaA.00,2.3,3.0,0.0,0.0,1.0,16.7,0.0,4.0,80.0,0.0,0.0,0.0,0.0,0.0,0.0,1.0,0.0,,,,,,,,,
Thomas Morstead,NYJ,1.0,0.0,0.0,0.0,0.0,0.0,0.0,2023,MorsTh00,1.9,1.0,0.0,0.0,0.0,0.0,0.0,1.0,100.0,0.0,0.0,0.0,0.0,0.0,0.0,0.0,0.0,,,,,,,,,
Kenneth Gainwell,PHI,1.0,0.0,0.0,0.0,0.0,0.0,0.0,2023,GainKe00,1.7,0.0,0.0,0.0,0.0,0.0,0.0,1.0,100.0,15.0,68.0,0.0,0.0,15.0,68.0,1.0,17.0,,,,,,,,,
Derrick Henry,TEN,3.0,0.0,0.0,0.0,0.0,1.0,33.3,2023,HenrDe00,2.1,1.0,0.0,0.0,0.0,0.0,0.0,2.0,66.7,13.0,62.0,2.0,12.0,11.0,50.0,0.0,0.0,,,,,,,,,
Dontayvion Wicks,GB,1.0,0.0,0.0,0.0,0.0,0.0,0.0,2023,WickDo00,0.9,0.0,0.0,0.0,0.0,0.0,0.0,1.0,100.0,0.0,0.0,0.0,0.0,0.0,0.0,0.0,0.0,,,,,,,,,
Logan Cooke,JAX,1.0,0.0,0.0,0.0,0.0,0.0,0.0,2023,CookLo00,2.3,1.0,0.0,0.0,0.0,0.0,0.0,1.0,100.0,0.0,0.0,0.0,0.0,0.0,0.0,0.0,0.0,,,,,,,,,
Jakobi Meyers,LVR,3.0,1.0,0.0,0.0,0.0,0.0,0.0,2023,MeyeJa01,2.0,2.0,0.0,0.0,0.0,0.0,0.0,2.0,100.0,1.0,3.0,1.0,3.0,0.0,0.0,2.0,9.0,,,,,,,,,
Tommy Townsend,KC,1.0,0.0,0.0,0.0,0.0,0.0,0.0,2023,TownTo01,2.0,1.0,0.0,0.0,0.0,0.0,0.0,1.0,100.0,0.0,0.0,0.0,0.0,0.0,0.0,0.0,0.0,,,,,,,,,
Johnny Hekker,CAR,1.0,0.0,0.0,0.0,0.0,0.0,0.0,2023,HekkJo00,2.2,1.0,0.0,0.0,0.0,0.0,0.0,1.0,100.0,0.0,0.0,0.0,0.0,0.0,0.0,0.0,0.0,,,,,,,,,
Devin Singletary,HOU,1.0,0.0,0.0,0.0,0.0,0.0,0.0,2023,SingDe00,2.7,0.0,0.0,1.0,1.0,100.0,0.0,1.0,100.0,0.0,0.0,0.0,0.0,0.0,0.0,1.0,6.0,,,,,,,,,
Dyami Brown,WAS,1.0,0.0,0.0,0.0,0.0,0.0,0.0,2023,BrowDy00,2.5,1.0,0.0,0.0,0.0,0.0,0.0,1.0,100.0,1.0,4.0,1.0,4.0,0.0,0.0,0.0,0.0,,,,,,,,,
Jerick McKinnon,KC,1.0,0.0,0.0,0.0,0.0,0.0,0.0,2023,McKiJe00,0.5,0.0,0.0,0.0,0.0,0.0,0.0,1.0,100.0,2.0,11.0,1.0,4.0,1.0,7.0,0.0,0.0,,,,,,,,,
Tyler Boyd,CIN,1.0,0.0,0.0,0.0,0.0,1.0,100.0,2023,BoydTy00,2.1,1.0,0.0,1.0,1.0,100.0,0.0,0.0,0.0,1.0,0.0,1.0,0.0,0.0,0.0,0.0,0.0,,,,,,,,,
Chris Godwin,TB,1.0,0.0,0.0,0.0,0.0,0.0,0.0,2023,GodwCh00,3.3,0.0,0.0,0.0,0.0,0.0,0.0,0.0,0.0,0.0,0.0,0.0,0.0,0.0,0.0,1.0,0.0,,,,,,,,,
Connor Heyward,PIT,1.0,0.0,0.0,0.0,0.0,0.0,0.0,2023,HeywCo00,2.1,1.0,0.0,0.0,0.0,0.0,1.0,1.0,100.0,0.0,0.0,0.0,0.0,0.0,0.0,1.0,0.0,,,,,,,,,
DeAndre Hopkins,TEN,1.0,0.0,0.0,0.0,0.0,1.0,100.0,2023,HopkDe00,3.3,1.0,0.0,1.0,1.0,50.0,0.0,0.0,0.0,1.0,0.0,1.0,0.0,0.0,0.0,0.0,0.0,,,,,,,,,
Justin Jefferson,MIN,1.0,0.0,0.0,0.0,0.0,1.0,100.0,2023,JeffJu00,3.2,1.0,0.0,1.0,1.0,100.0,0.0,0.0,0.0,1.0,0.0,1.0,0.0,0.0,0.0,0.0,0.0,,,,,,,,,
Aaron Rodgers,NYJ,1.0,1.0,0.0,0.0,0.0,0.0,0.0,2023,RodgAa00,3.2,0.0,1.0,1.0,3.0,150.0,0.0,0.0,0.0,0.0,0.0,0.0,0.0,0.0,0.0,0.0,0.0,,,,,,,,,
Deebo Samuel,SF,1.0,1.0,0.0,0.0,0.0,0.0,0.0,2023,SamuDe00,0.6,0.0,0.0,1.0,1.0,100.0,0.0,0.0,0.0,3.0,-3.0,1.0,0.0,2.0,-3.0,0.0,0.0,,,,,,,,,
Jonnu Smith,ATL,1.0,0.0,0.0,0.0,0.0,1.0,100.0,2023,SmitJo01,1.5,0.0,0.0,0.0,0.0,0.0,0.0,0.0,0.0,0.0,0.0,0.0,0.0,0.0,0.0,0.0,0.0,,,,,,,,,
Kadarius Toney,KC,1.0,0.0,0.0,0.0,0.0,1.0,100.0,2023,ToneKa00,4.7,0.0,1.0,0.0,1.0,100.0,0.0,0.0,0.0,3.0,14.0,0.0,0.0,3.0,14.0,1.0,0.0,,,,,,,,,
Kyle Trask,TB,1.0,0.0,0.0,1.0,100.0,0.0,0.0,2023,TrasKy00,2.3,0.0,0.0,0.0,0.0,0.0,0.0,1.0,100.0,0.0,0.0,0.0,0.0,0.0,0.0,0.0,0.0,,,,,,,,,
Garrett Wilson,NYJ,1.0,0.0,0.0,0.0,0.0,1.0,100.0,2023,WilsGa00,2.6,0.0,0.0,0.0,0.0,0.0,0.0,0.0,0.0,0.0,0.0,0.0,0.0,0.0,0.0,0.0,0.0,,,,,,,,,
Christian Kirk,JAX,2.0,0.0,0.0,0.0,0.0,1.0,50.0,2023,KirkCh01,2.9,1.0,0.0,0.0,0.0,0.0,0.0,1.0,50.0,1.0,-1.0,1.0,-1.0,0.0,0.0,1.0,0.0,,,,,,,,,
Ja'Marr Chase,CIN,1.0,0.0,0.0,0.0,0.0,0.0,0.0,2023,ChasJa00,3.0,0.0,0.0,0.0,0.0,0.0,0.0,1.0,100.0,2.0,-15.0,1.0,-7.0,1.0,-8.0,0.0,0.0,,,,,,,,,
Joe Burrow,CIN,652.0,20.0,1.0,30.0,4.8,73.0,11.6,2024,BurrJo01,2.2,164.0,38.0,69.0,155.0,21.5,10.0,507.0,80.3,97.0,838.0,89.0,819.0,3.0,19.0,,,4603.0,7.1,2726.0,5.9,4.2,2192.0,4.8,22.0,9.3
Aaron Rodgers,NYJ,584.0,16.0,0.0,39.0,6.9,98.0,17.3,2024,RodgAa00,2.3,141.0,35.0,52.0,127.0,19.8,13.0,429.0,75.5,87.0,723.0,85.0,715.0,1.0,8.0,,,3996.0,6.8,1778.0,4.8,3.0,2119.0,5.8,16.0,6.4
Patrick Mahomes,KC,581.0,26.0,2.0,26.0,4.7,87.0,15.7,2024,MahoPa00,2.3,140.0,46.0,70.0,152.0,23.3,10.0,425.0,76.9,98.0,716.0,97.0,712.0,1.0,4.0,,,3601.0,6.2,1628.0,4.2,2.8,2300.0,5.9,36.0,9.1
Geno Smith,SEA,578.0,20.0,2.0,20.0,3.6,58.0,10.4,2024,SmitGe00,2.4,138.0,36.0,57.0,143.0,21.9,14.0,455.0,81.8,64.0,339.0,58.0,331.0,2.0,8.0,,,3942.0,6.8,2139.0,5.3,3.7,2181.0,5.4,24.0,10.7
Baker Mayfield,TB,570.0,7.0,1.0,27.0,4.8,63.0,11.2,2024,MayfBa00,2.2,175.0,49.0,20.0,109.0,16.7,14.0,442.0,78.6,49.0,432.0,45.0,424.0,2.0,8.0,,,3966.0,7.0,2061.0,5.1,3.6,2439.0,6.0,44.0,8.7
Bo Nix,DEN,567.0,18.0,1.0,32.0,5.8,83.0,15.1,2024,NixxBo00,2.5,148.0,44.0,34.0,102.0,15.9,16.0,420.0,76.6,92.0,737.0,80.0,692.0,11.0,45.0,,,4116.0,7.3,1703.0,4.5,3.0,2072.0,5.5,50.0,7.2
Caleb Williams,CHI,562.0,36.0,4.0,20.0,3.8,110.0,21.1,2024,WillCa03,2.4,174.0,52.0,40.0,160.0,23.5,9.0,378.0,72.4,53.0,335.0,34.0,268.0,13.0,67.0,,,4443.0,7.9,1675.0,4.8,3.0,1866.0,5.3,51.0,7.9
Sam Darnold,MIN,545.0,29.0,1.0,19.0,3.7,77.0,15.0,2024,DarnSa00,2.6,137.0,52.0,52.0,152.0,24.5,10.0,400.0,77.7,28.0,218.0,25.0,185.0,3.0,33.0,,,4561.0,8.4,2566.0,7.1,4.7,1753.0,4.9,28.0,7.9
Kyler Murray,ARI,541.0,19.0,1.0,17.0,3.3,66.0,12.7,2024,MurrKy00,2.4,155.0,47.0,23.0,100.0,16.3,14.0,412.0,79.1,63.0,529.0,53.0,467.0,9.0,62.0,,,3669.0,6.8,1883.0,5.1,3.5,1968.0,5.3,42.0,8.7
Jared Goff,DET,539.0,24.0,3.0,11.0,2.1,69.0,13.5,2024,GoffJa00,2.3,143.0,34.0,57.0,122.0,20.9,4.0,412.0,80.5,14.0,94.0,12.0,91.0,1.0,3.0,,,3390.0,6.3,1994.0,5.1,3.7,2635.0,6.8,14.0,4.9
C.J. Stroud,HOU,532.0,22.0,1.0,26.0,5.1,95.0,18.7,2024,StroCJ00,2.5,154.0,66.0,56.0,174.0,28.0,8.0,373.0,73.3,42.0,330.0,38.0,322.0,1.0,8.0,,,4376.0,8.2,2063.0,6.1,3.9,1664.0,5.0,37.0,6.8
Matthew Stafford,LA,517.0,15.0,1.0,15.0,3.0,88.0,17.6,2024,StafMa00,2.4,144.0,31.0,63.0,122.0,22.3,15.0,372.0,74.3,19.0,154.0,19.0,154.0,0.0,0.0,,,3696.0,7.1,2036.0,6.0,3.9,1726.0,5.1,3.0,12.7
Justin Herbert,LAC,504.0,14.0,3.0,32.0,6.6,67.0,13.8,2024,HerbJu00,2.5,156.0,20.0,62.0,123.0,21.4,10.0,388.0,79.7,51.0,535.0,42.0,489.0,4.0,46.0,,,4326.0,8.6,2182.0,6.6,4.3,1688.0,5.1,31.0,10.0
Josh Allen,BUF,483.0,22.0,1.0,20.0,4.3,86.0,18.7,2024,AlleJo02,2.4,136.0,37.0,37.0,88.0,16.4,9.0,344.0,74.8,51.0,404.0,39.0,335.0,11.0,69.0,,,3836.0,7.9,1726.0,5.6,3.6,2005.0,6.5,41.0,8.9
Jayden Daniels,WAS,480.0,15.0,2.0,20.0,4.3,67.0,14.5,2024,DaniJa02,2.4,153.0,36.0,28.0,111.0,18.5,12.0,362.0,78.2,112.0,805.0,79.0,605.0,27.0,200.0,,,3526.0,7.3,1788.0,5.4,3.7,1780.0,5.4,73.0,8.1
Lamar Jackson,BAL,474.0,13.0,5.0,28.0,6.1,69.0,15.1,2024,JackLa00,2.5,162.0,53.0,31.0,107.0,19.7,12.0,359.0,78.7,95.0,724.0,59.0,566.0,32.0,158.0,,,4056.0,8.6,2087.0,6.6,4.4,2085.0,6.6,45.0,9.0
Brock Purdy,SF,455.0,10.0,5.0,19.0,4.3,62.0,14.1,2024,PurdBr00,2.5,142.0,32.0,38.0,101.0,19.1,10.0,345.0,78.4,38.0,374.0,32.0,351.0,2.0,23.0,,,3809.0,8.4,2220.0,7.4,4.9,1644.0,5.5,44.0,6.8
Kirk Cousins,ATL,453.0,12.0,4.0,16.0,3.7,51.0,11.7,2024,CousKi00,2.4,106.0,25.0,47.0,100.0,20.7,15.0,340.0,77.8,8.0,28.0,7.0,30.0,1.0,-2.0,,,3392.0,7.5,1821.0,6.0,4.0,1687.0,5.6,3.0,5.3
Jordan Love,GB,425.0,14.0,0.0,30.0,7.3,75.0,18.2,2024,LoveJo03,2.4,142.0,37.0,49.0,100.0,22.2,6.0,301.0,73.2,48.0,342.0,48.0,342.0,0.0,0.0,,,3685.0,8.7,1735.0,6.5,4.1,1654.0,6.2,12.0,7.1
Tua Tagovailoa,MIA,399.0,6.0,2.0,14.0,3.6,45.0,11.5,2024,TagoTu00,2.1,64.0,26.0,11.0,58.0,13.6,6.0,318.0,81.3,72.0,673.0,69.0,662.0,1.0,11.0,,,2281.0,5.7,1182.0,4.1,3.0,1685.0,5.8,7.0,8.1
Bryce Young,CAR,384.0,25.0,0.0,15.0,4.2,80.0,22.3,2024,YounBr01,2.3,136.0,53.0,38.0,120.0,26.7,1.0,258.0,71.9,41.0,200.0,36.0,198.0,2.0,2.0,,,3298.0,8.6,1434.0,6.1,3.7,969.0,4.1,37.0,6.9
Jalen Hurts,PHI,361.0,25.0,1.0,6.0,1.8,45.0,13.4,2024,HurtJa00,2.7,126.0,29.0,23.0,90.0,20.5,8.0,265.0,79.1,98.0,829.0,64.0,628.0,32.0,201.0,,,2812.0,7.8,1528.0,6.2,4.2,1375.0,5.5,39.0,9.4
Daniel Jones,NYG,341.0,17.0,4.0,24.0,7.5,40.0,12.5,2024,JoneDa05,2.4,89.0,21.0,44.0,94.0,24.5,7.0,254.0,79.4,33.0,206.0,25.0,166.0,8.0,40.0,,,2443.0,7.2,1126.0,5.2,3.3,944.0,4.4,14.0,5.5
Drake Maye,NE,338.0,14.0,1.0,11.0,3.4,53.0,16.4,2024,MayeDr00,2.3,96.0,23.0,26.0,83.0,19.9,7.0,246.0,76.2,37.0,337.0,30.0,270.0,5.0,67.0,,,2442.0,7.2,1084.0,4.8,3.2,1192.0,5.3,45.0,9.0
Russell Wilson,PIT,336.0,25.0,2.0,14.0,4.5,52.0,16.8,2024,WilsRu00,2.4,91.0,27.0,45.0,105.0,26.9,6.0,236.0,76.4,23.0,92.0,19.0,77.0,3.0,15.0,,,2639.0,7.9,1360.0,6.4,4.0,1122.0,5.2,21.0,7.0
Cooper Rush,DAL,308.0,5.0,1.0,13.0,4.3,55.0,18.2,2024,RushCo00,2.3,68.0,25.0,19.0,57.0,17.5,17.0,208.0,68.9,35.0,199.0,31.0,194.0,3.0,5.0,,,2077.0,6.7,902.0,4.8,2.9,942.0,5.0,4.0,4.5
Gardner Minshew II,LV,306.0,22.0,3.0,8.0,2.8,38.0,13.5,2024,MinsGa00,2.2,109.0,25.0,27.0,81.0,23.4,10.0,214.0,76.2,35.0,152.0,32.0,152.0,0.0,0.0,,,1828.0,6.0,914.0,4.5,3.0,1099.0,5.4,11.0,5.5
Will Levis,TEN,301.0,8.0,0.0,19.0,6.5,55.0,18.8,2024,LeviWi00,2.4,69.0,15.0,34.0,90.0,24.9,4.0,217.0,74.1,31.0,283.0,25.0,258.0,6.0,25.0,,,2575.0,8.6,1150.0,6.1,3.8,941.0,5.0,19.0,7.0
Jameis Winston,CLE,296.0,4.0,1.0,13.0,4.5,52.0,17.9,2024,WinsJa00,2.4,61.0,23.0,24.0,71.0,21.6,11.0,205.0,70.4,25.0,193.0,20.0,163.0,4.0,30.0,,,2632.0,8.9,1356.0,7.5,4.6,765.0,4.2,8.0,5.8
Dak Prescott,DAL,286.0,5.0,2.0,6.0,2.2,50.0,17.9,2024,PresDa01,2.3,62.0,31.0,28.0,80.0,25.6,6.0,199.0,71.3,32.0,200.0,29.0,200.0,1.0,0.0,,,2255.0,7.9,1039.0,5.6,3.6,939.0,5.1,6.0,7.5
Trevor Lawrence,JAX,284.0,9.0,1.0,15.0,5.5,47.0,17.2,2024,LawrTr00,2.4,71.0,13.0,17.0,48.0,15.2,4.0,202.0,73.7,35.0,302.0,32.0,286.0,3.0,16.0,,,2641.0,9.3,1211.0,7.0,4.3,834.0,4.8,13.0,8.1
Derek Carr,NO,279.0,17.0,0.0,10.0,3.8,37.0,14.1,2024,CarrDe02,2.4,79.0,42.0,21.0,71.0,24.1,5.0,201.0,76.7,11.0,153.0,10.0,144.0,1.0,9.0,,,2167.0,7.8,1058.0,5.6,3.8,1087.0,5.8,8.0,6.3
Anthony Richardson,IND,264.0,12.0,2.0,12.0,4.8,70.0,28.0,2024,RichAn03,2.4,67.0,35.0,30.0,79.0,26.4,5.0,145.0,58.0,69.0,555.0,49.0,447.0,18.0,108.0,,,3210.0,12.2,1038.0,8.2,3.9,776.0,6.2,21.0,8.8
Mac Jones,JAX,262.0,12.0,0.0,7.0,2.8,45.0,18.0,2024,JoneMa05,2.3,62.0,9.0,18.0,41.0,14.1,5.0,184.0,73.6,27.0,170.0,26.0,170.0,0.0,0.0,,,1869.0,7.1,764.0,4.5,2.9,908.0,5.3,14.0,5.9
Joe Flacco,IND,248.0,6.0,0.0,11.0,4.5,42.0,17.4,2024,FlacJo00,2.3,61.0,13.0,18.0,49.0,18.2,5.0,178.0,73.6,51.0,494.0,46.0,494.0,0.0,0.0,,,2183.0,8.8,1110.0,6.9,4.5,651.0,4.0,3.0,8.7
Aidan O'Connell,LV,243.0,9.0,1.0,6.0,2.6,49.0,21.0,2024,OConAi00,2.4,50.0,27.0,19.0,56.0,21.9,5.0,166.0,71.2,20.0,183.0,19.0,174.0,1.0,9.0,,,1915.0,7.9,881.0,5.7,3.6,731.0,4.7,3.0,8.7
Spencer Rattler,NO,228.0,13.0,1.0,15.0,7.0,39.0,18.2,2024,RattSp00,2.4,61.0,16.0,16.0,54.0,20.5,6.0,153.0,71.5,14.0,93.0,12.0,65.0,1.0,28.0,,,1831.0,8.0,675.0,5.2,3.0,642.0,4.9,14.0,8.4
Mason Rudolph,TEN,228.0,10.0,3.0,9.0,4.2,39.0,18.1,2024,RudoMa00,2.6,38.0,15.0,23.0,49.0,19.6,5.0,157.0,73.0,16.0,97.0,14.0,84.0,2.0,13.0,,,1591.0,7.0,874.0,6.0,3.8,656.0,4.5,11.0,8.0
Deshaun Watson,CLE,216.0,5.0,0.0,20.0,9.5,34.0,16.1,2024,WatsDe00,2.6,72.0,16.0,37.0,86.0,31.9,5.0,166.0,78.7,32.0,123.0,20.0,110.0,4.0,13.0,,,1523.0,7.1,564.0,4.1,2.6,584.0,4.3,21.0,6.3
Drew Lock,NYG,181.0,4.0,1.0,7.0,4.0,33.0,18.8,2024,LockDr00,2.4,29.0,18.0,24.0,54.0,26.6,8.0,122.0,69.3,15.0,113.0,12.0,113.0,1.0,0.0,,,1147.0,6.3,460.0,4.3,2.5,611.0,5.7,10.0,13.4
Jacoby Brissett,NE,161.0,7.0,1.0,13.0,8.5,29.0,19.0,2024,BrisJa00,2.4,55.0,16.0,28.0,62.0,33.0,1.0,118.0,77.1,12.0,66.0,11.0,69.0,1.0,-3.0,,,1038.0,6.4,389.0,4.1,2.4,437.0,4.6,9.0,7.2
Justin Fields,PIT,161.0,8.0,1.0,7.0,4.6,24.0,15.8,2024,FielJu00,2.5,48.0,11.0,16.0,43.0,22.2,3.0,114.0,75.0,14.0,49.0,7.0,20.0,7.0,29.0,,,1235.0,7.7,586.0,5.5,3.6,520.0,4.9,17.0,6.3
Andy Dalton,CAR,160.0,3.0,0.0,9.0,5.7,21.0,13.4,2024,DaltAn00,2.2,56.0,10.0,11.0,28.0,16.2,5.0,117.0,74.5,22.0,130.0,22.0,130.0,0.0,0.0,,,1068.0,6.7,530.0,5.0,3.3,459.0,4.3,6.0,6.0
Tyler Huntley,MIA,133.0,7.0,1.0,8.0,6.4,20.0,16.0,2024,HuntTy01,2.2,19.0,9.0,17.0,41.0,25.3,3.0,101.0,80.8,23.0,117.0,17.0,100.0,3.0,17.0,,,1037.0,7.8,477.0,5.5,3.6,352.0,4.1,14.0,7.4
Dorian Thompson-Robinson,CLE,118.0,10.0,0.0,11.0,10.2,19.0,17.6,2024,ThomDo02,2.2,24.0,7.0,18.0,33.0,25.0,1.0,78.0,72.2,32.0,166.0,23.0,82.0,7.0,84.0,,,716.0,6.1,189.0,3.1,1.6,251.0,4.1,6.0,6.5
Michael Penix,ATL,105.0,2.0,0.0,7.0,6.8,23.0,22.3,2024,PeniMi00,2.3,32.0,4.0,8.0,16.0,14.2,1.0,69.0,67.0,2.0,6.0,2.0,6.0,0.0,0.0,,,1057.0,10.1,504.0,8.3,4.8,271.0,4.4,4.0,3.5
Desmond Ridder,LV,85.0,4.0,1.0,2.0,2.5,15.0,18.8,2024,RiddDe00,2.2,21.0,6.0,9.0,25.0,24.8,1.0,55.0,68.8,8.0,19.0,6.0,18.0,2.0,1.0,,,687.0,8.1,257.0,4.9,3.0,201.0,3.9,6.0,5.8
Malik Willis,GB,54.0,1.0,0.0,3.0,5.7,7.0,13.2,2024,WillMa12,2.3,16.0,2.0,2.0,12.0,17.4,1.0,43.0,81.1,14.0,73.0,9.0,47.0,4.0,26.0,,,414.0,7.7,276.0,6.9,5.1,274.0,6.9,7.0,11.3
Joshua Dobbs,SF,47.0,0.0,1.0,1.0,2.2,9.0,19.6,2024,DobbJo00,2.2,10.0,6.0,2.0,10.0,18.9,0.0,34.0,73.9,6.0,31.0,3.0,25.0,2.0,6.0,,,367.0,7.8,260.0,8.1,5.5,101.0,3.2,4.0,5.8
Tanner McKee,PHI,45.0,0.0,0.0,0.0,0.0,9.0,20.0,2024,McKeTa01,2.3,17.0,0.0,5.0,7.0,14.9,1.0,30.0,66.7,6.0,58.0,6.0,58.0,0.0,0.0,,,296.0,6.6,185.0,6.2,4.1,138.0,4.6,0.0,
Tommy DeVito,NYG,44.0,3.0,0.0,1.0,2.4,6.0,14.6,2024,DeViTo00,2.3,11.0,2.0,4.0,12.0,22.2,0.0,35.0,85.4,8.0,34.0,4.0,28.0,1.0,6.0,,,263.0,6.0,138.0,4.5,3.1,119.0,3.8,4.0,7.8
Marcus Mariota,WAS,44.0,1.0,1.0,2.0,4.8,3.0,7.1,2024,MariMa01,2.5,17.0,5.0,2.0,10.0,19.6,0.0,37.0,88.1,15.0,148.0,9.0,82.0,5.0,66.0,,,408.0,9.3,257.0,7.6,5.8,107.0,3.1,4.0,6.3
Kenny Pickett,PHI,42.0,2.0,0.0,1.0,2.5,6.0,15.0,2024,PickKe00,2.4,23.0,2.0,6.0,12.0,24.5,2.0,26.0,65.0,6.0,45.0,5.0,45.0,0.0,0.0,,,355.0,8.5,234.0,9.4,5.6,57.0,2.3,3.0,4.3
Jimmy Garoppolo,LA,41.0,1.0,0.0,0.0,0.0,8.0,20.0,2024,GaroJi00,2.2,13.0,0.0,5.0,8.0,17.8,0.0,27.0,67.5,7.0,36.0,7.0,36.0,0.0,0.0,,,221.0,5.4,102.0,3.8,2.5,232.0,8.6,1.0,5.0
Trey Lance,DAL,41.0,1.0,0.0,1.0,2.5,6.0,15.0,2024,LancTr00,2.3,15.0,8.0,1.0,13.0,27.7,2.0,29.0,72.5,9.0,59.0,5.0,42.0,4.0,17.0,,,264.0,6.4,117.0,4.7,2.9,149.0,6.0,2.0,4.5
Jake Haener,NO,39.0,2.0,0.0,6.0,16.2,7.0,18.9,2024,HaenJa00,2.4,15.0,2.0,9.0,17.0,34.0,1.0,25.0,67.6,1.0,3.0,1.0,3.0,0.0,0.0,,,345.0,8.8,129.0,7.2,3.3,97.0,5.4,5.0,5.6
Davis Mills,HOU,36.0,0.0,0.0,1.0,2.8,10.0,27.8,2024,MillDa02,2.0,18.0,2.0,2.0,6.0,15.4,1.0,23.0,63.9,1.0,2.0,1.0,2.0,0.0,0.0,,,224.0,6.2,140.0,7.0,3.9,72.0,3.6,1.0,9.0
Skylar Thompson,MIA,33.0,1.0,0.0,2.0,6.3,6.0,18.8,2024,ThomSk00,2.3,7.0,2.0,6.0,14.0,35.0,0.0,29.0,90.6,14.0,96.0,13.0,96.0,0.0,0.0,,,230.0,7.0,102.0,4.9,3.1,85.0,4.0,1.0,4.0
Bailey Zappe,CLE,31.0,1.0,0.0,5.0,16.7,3.0,10.0,2024,ZappBa00,2.4,2.0,1.0,1.0,3.0,9.1,0.0,27.0,90.0,5.0,41.0,5.0,41.0,0.0,0.0,,,220.0,7.1,69.0,4.3,2.2,101.0,6.3,1.0,3.0
Brandon Allen,SF,30.0,3.0,0.0,4.0,14.8,5.0,18.5,2024,AlleBr00,2.4,7.0,3.0,2.0,7.0,21.2,0.0,22.0,81.5,2.0,21.0,2.0,21.0,0.0,0.0,,,241.0,8.0,83.0,4.9,2.8,116.0,6.8,1.0,6.0
Joe Milton,NE,29.0,2.0,0.0,1.0,3.7,2.0,7.4,2024,MiltJo00,2.5,7.0,4.0,2.0,6.0,19.4,0.0,25.0,92.6,7.0,61.0,5.0,56.0,2.0,5.0,,,256.0,8.8,169.0,7.7,5.8,72.0,3.3,2.0,6.5
Tim Boyle,2TM,50.0,3.0,1.0,3.0,6.5,8.0,17.4,2024,BoylTi00,2.0,8.0,9.0,7.0,18.0,33.3,1.0,32.0,69.6,4.0,21.0,4.0,21.0,0.0,0.0,,,313.0,6.3,125.0,4.6,2.5,151.0,5.6,2.0,5.0
Tim Boyle,MIA,26.0,1.0,1.0,2.0,8.3,4.0,16.7,2024,BoylTi00,1.9,0.0,1.0,3.0,5.0,17.2,0.0,19.0,79.2,1.0,13.0,1.0,13.0,0.0,0.0,,,174.0,6.7,65.0,4.3,2.5,88.0,5.9,2.0,5.0
Tim Boyle,NYG,24.0,2.0,0.0,1.0,4.5,4.0,18.2,2024,BoylTi00,2.0,8.0,8.0,4.0,13.0,52.0,1.0,13.0,59.1,3.0,8.0,3.0,8.0,0.0,0.0,,,139.0,5.8,60.0,5.0,2.5,63.0,5.3,0.0,
Mitchell Trubisky,BUF,26.0,1.0,0.0,0.0,0.0,4.0,16.0,2024,TrubMi00,2.2,8.0,2.0,1.0,3.0,11.1,0.0,21.0,84.0,4.0,19.0,3.0,15.0,1.0,4.0,,,144.0,5.5,30.0,1.6,1.2,149.0,7.8,1.0,8.0
Tyrod Taylor,NYJ,22.0,1.0,0.0,1.0,4.8,2.0,9.5,2024,TaylTy00,2.0,4.0,3.0,2.0,5.0,20.8,0.0,19.0,90.5,1.0,6.0,1.0,6.0,0.0,0.0,,,88.0,4.0,51.0,3.0,2.3,68.0,4.0,2.0,6.5
Carson Wentz,KC,19.0,0.0,0.0,1.0,5.3,5.0,26.3,2024,WentCa00,2.2,3.0,1.0,5.0,10.0,41.7,0.0,15.0,78.9,5.0,42.0,5.0,42.0,0.0,0.0,,,125.0,6.6,50.0,4.2,2.6,68.0,5.7,1.0,2.0
Sam Howell,SEA,14.0,0.0,0.0,1.0,7.1,5.0,35.7,2024,HoweSa00,2.4,1.0,2.0,1.0,7.0,36.8,1.0,6.0,42.9,5.0,3.0,4.0,3.0,0.0,0.0,,,83.0,5.9,17.0,3.4,1.2,7.0,1.4,1.0,2.0
Mike White,BUF,11.0,0.0,0.0,1.0,9.1,1.0,9.1,2024,WhitMi01,2.5,2.0,1.0,1.0,2.0,18.2,1.0,4.0,36.4,0.0,0.0,0.0,0.0,0.0,0.0,,,98.0,8.9,-4.0,-1.3,-0.4,32.0,10.7,0.0,
Hendon Hooker,DET,9.0,0.0,0.0,1.0,11.1,1.0,11.1,2024,HookHe00,2.2,1.0,2.0,0.0,3.0,27.3,0.0,7.0,77.8,0.0,0.0,0.0,0.0,0.0,0.0,,,58.0,6.4,32.0,5.3,3.6,30.0,5.0,1.0,2.0
Taylor Heinicke,LAC,5.0,0.0,0.0,1.0,20.0,1.0,20.0,2024,HeinTa00,2.4,1.0,0.0,0.0,3.0,30.0,0.0,4.0,80.0,1.0,0.0,0.0,0.0,0.0,0.0,,,32.0,6.4,19.0,6.3,3.8,9.0,3.0,2.0,10.0
Taysom Hill,NO,4.0,0.0,0.0,0.0,0.0,1.0,25.0,2024,HillTa00,2.3,2.0,0.0,1.0,1.0,25.0,0.0,2.0,50.0,2.0,10.0,1.0,0.0,1.0,10.0,,,53.0,13.3,12.0,6.0,3.0,9.0,4.5,0.0,
Josh Johnson,BAL,3.0,0.0,0.0,0.0,0.0,0.0,0.0,2024,JohnJo05,2.4,1.0,1.0,1.0,3.0,75.0,0.0,3.0,100.0,1.0,0.0,1.0,0.0,0.0,0.0,,,53.0,17.7,15.0,7.5,5.0,2.0,1.0,0.0,
Bryan Anger,DAL,2.0,0.0,0.0,0.0,0.0,1.0,50.0,2024,AngeBr00,1.3,1.0,0.0,0.0,0.0,0.0,0.0,1.0,50.0,0.0,0.0,0.0,0.0,0.0,0.0,,,11.0,5.5,4.0,4.0,2.0,0.0,0.0,0.0,
Tyson Bagent,CHI,2.0,0.0,0.0,0.0,0.0,0.0,0.0,2024,BageTy00,1.6,0.0,0.0,0.0,0.0,0.0,0.0,2.0,100.0,1.0,5.0,1.0,5.0,0.0,0.0,,,1.0,0.5,1.0,0.5,0.5,10.0,5.0,0.0,
Johnny Hekker,CAR,2.0,0.0,0.0,0.0,0.0,1.0,50.0,2024,HekkJo00,1.9,1.0,0.0,0.0,0.0,0.0,0.0,0.0,0.0,0.0,0.0,0.0,0.0,0.0,0.0,,,28.0,14.0,0.0,,0.0,0.0,,0.0,
Nick Mullens,MIN,2.0,0.0,0.0,0.0,0.0,0.0,0.0,2024,MullNi00,2.2,0.0,0.0,1.0,1.0,50.0,0.0,2.0,100.0,0.0,0.0,0.0,0.0,0.0,0.0,,,24.0,12.0,24.0,12.0,12.0,14.0,7.0,0.0,
Courtland Sutton,DEN,2.0,0.0,0.0,0.0,0.0,0.0,0.0,2024,SuttCo00,2.4,1.0,0.0,0.0,0.0,0.0,0.0,2.0,100.0,0.0,0.0,0.0,0.0,0.0,0.0,,,19.0,9.5,19.0,9.5,9.5,11.0,5.5,0.0,
Clayton Tune,ARI,2.0,0.0,0.0,0.0,0.0,0.0,0.0,2024,TuneCl00,1.5,2.0,0.0,0.0,0.0,0.0,0.0,2.0,100.0,2.0,-5.0,1.0,1.0,1.0,-6.0,,,4.0,2.0,4.0,2.0,2.0,4.0,2.0,0.0,
Keenan Allen,CHI,1.0,0.0,0.0,0.0,0.0,1.0,100.0,2024,AlleKe00,5.4,0.0,0.0,0.0,0.0,0.0,0.0,0.0,0.0,0.0,0.0,0.0,0.0,0.0,0.0,,,14.0,14.0,0.0,,0.0,0.0,,0.0,
Kyle Allen,PIT,1.0,0.0,0.0,0.0,0.0,0.0,0.0,2024,AlleKy00,2.1,1.0,0.0,0.0,0.0,0.0,0.0,1.0,100.0,0.0,0.0,0.0,0.0,0.0,0.0,,,13.0,13.0,13.0,13.0,13.0,6.0,6.0,0.0,
Tutu Atwell,LA,1.0,0.0,0.0,0.0,0.0,0.0,0.0,2024,AtweTu00,3.2,0.0,0.0,0.0,0.0,0.0,0.0,1.0,100.0,1.0,0.0,1.0,0.0,0.0,0.0,,,34.0,34.0,0.0,,0.0,0.0,,0.0,
Kendrick Bourne,NE,1.0,0.0,0.0,0.0,0.0,1.0,100.0,2024,BourKe00,0.9,0.0,0.0,0.0,0.0,0.0,0.0,0.0,0.0,0.0,0.0,0.0,0.0,0.0,0.0,,,0.0,0.0,0.0,,0.0,0.0,,0.0,
Tyler Boyd,TEN,1.0,0.0,0.0,0.0,0.0,1.0,100.0,2024,BoydTy00,1.6,0.0,0.0,0.0,0.0,0.0,0.0,0.0,0.0,0.0,0.0,0.0,0.0,0.0,0.0,,,24.0,24.0,0.0,,0.0,0.0,,0.0,
Dyami Brown,WAS,1.0,0.0,0.0,1.0,100.0,0.0,0.0,2024,BrowDy00,1.8,1.0,0.0,0.0,0.0,0.0,0.0,1.0,100.0,1.0,0.0,1.0,0.0,0.0,0.0,,,36.0,36.0,0.0,,0.0,0.0,,0.0,
Jalen Coker,CAR,1.0,0.0,0.0,0.0,0.0,0.0,0.0,2024,CokeJa01,1.5,0.0,1.0,0.0,1.0,100.0,0.0,1.0,100.0,0.0,0.0,0.0,0.0,0.0,0.0,,,16.0,16.0,16.0,16.0,16.0,3.0,3.0,0.0,
AJ Cole III,LV,1.0,0.0,0.0,0.0,0.0,0.0,0.0,2024,ColeAJ01,1.0,0.0,0.0,0.0,0.0,0.0,0.0,1.0,100.0,0.0,0.0,0.0,0.0,0.0,0.0,,,4.0,4.0,4.0,4.0,4.0,30.0,30.0,0.0,
Stefon Diggs,HOU,1.0,0.0,0.0,0.0,0.0,0.0,0.0,2024,DiggSt00,1.4,0.0,0.0,0.0,0.0,0.0,0.0,1.0,100.0,2.0,9.0,1.0,13.0,1.0,-4.0,,,-4.0,-4.0,-4.0,-4.0,-4.0,17.0,17.0,0.0,
Riley Dixon,DEN,1.0,0.0,0.0,0.0,0.0,0.0,0.0,2024,DixoRi00,0.9,1.0,0.0,0.0,0.0,0.0,0.0,1.0,100.0,0.0,0.0,0.0,0.0,0.0,0.0,,,-5.0,-5.0,-5.0,-5.0,-5.0,8.0,8.0,0.0,
Jack Fox,DET,1.0,0.0,0.0,0.0,0.0,0.0,0.0,2024,FoxxJa01,1.1,0.0,0.0,0.0,0.0,0.0,0.0,1.0,100.0,0.0,0.0,0.0,0.0,0.0,0.0,,,15.0,15.0,15.0,15.0,15.0,2.0,2.0,0.0,
Justin Jefferson,MIN,1.0,0.0,0.0,0.0,0.0,0.0,0.0,2024,JeffJu00,1.5,0.0,0.0,0.0,0.0,0.0,0.0,1.0,100.0,2.0,25.0,1.0,22.0,1.0,3.0,,,-5.0,-5.0,-5.0,-5.0,-5.0,27.0,27.0,0.0,
Miles Killebrew,PIT,1.0,0.0,0.0,1.0,100.0,0.0,0.0,2024,KillMi00,0.8,0.0,0.0,0.0,0.0,0.0,0.0,1.0,100.0,0.0,0.0,0.0,0.0,0.0,0.0,,,14.0,14.0,0.0,,0.0,0.0,,0.0,
Allen Lazard,NYJ,1.0,1.0,0.0,0.0,,0.0,,2024,LazaAl00,3.0,1.0,0.0,0.0,0.0,0.0,0.0,0.0,,1.0,0.0,1.0,0.0,0.0,0.0,,,17.0,17.0,0.0,,0.0,0.0,,0.0,
Adonai Mitchell,IND,1.0,0.0,0.0,0.0,0.0,0.0,0.0,2024,MitcAd00,1.5,0.0,0.0,0.0,0.0,0.0,0.0,1.0,100.0,0.0,0.0,0.0,0.0,0.0,0.0,,,-6.0,-6.0,-6.0,-6.0,-6.0,30.0,30.0,0.0,
Joe Mixon,HOU,1.0,0.0,0.0,0.0,0.0,1.0,100.0,2024,MixoJo00,2.5,0.0,0.0,0.0,0.0,0.0,0.0,0.0,0.0,11.0,37.0,1.0,0.0,10.0,37.0,,,10.0,10.0,0.0,,0.0,0.0,,0.0,
David Montgomery,DET,1.0,0.0,0.0,0.0,0.0,0.0,0.0,2024,MontDa01,2.1,1.0,0.0,0.0,0.0,0.0,0.0,1.0,100.0,8.0,43.0,0.0,0.0,8.0,43.0,,,3.0,3.0,3.0,3.0,3.0,0.0,0.0,0.0,
Darnell Mooney,ATL,1.0,1.0,0.0,0.0,,0.0,,2024,MoonDa00,4.0,1.0,0.0,1.0,1.0,100.0,0.0,0.0,,1.0,0.0,1.0,0.0,0.0,0.0,,,19.0,19.0,0.0,,0.0,0.0,,0.0,
D.J. Moore,CHI,1.0,0.0,0.0,0.0,0.0,0.0,0.0,2024,MoorD.00,3.2,0.0,0.0,0.0,0.0,0.0,0.0,0.0,0.0,0.0,0.0,0.0,0.0,0.0,0.0,,,33.0,33.0,0.0,,0.0,0.0,,0.0,
Malik Nabers,NYG,1.0,0.0,0.0,0.0,0.0,1.0,100.0,2024,NabeMa00,3.7,1.0,1.0,0.0,1.0,100.0,0.0,1.0,100.0,1.0,0.0,1.0,0.0,0.0,0.0,,,1.0,1.0,0.0,,0.0,0.0,,0.0,
Ricky Pearsall,SF,1.0,1.0,0.0,0.0,,0.0,,2024,PearRi00,2.3,0.0,0.0,0.0,0.0,0.0,0.0,0.0,,1.0,4.0,0.0,0.0,1.0,4.0,,,10.0,10.0,0.0,,0.0,0.0,,0.0,
JK Scott,LAC,1.0,0.0,0.0,0.0,0.0,0.0,0.0,2024,ScotJK00,2.5,1.0,0.0,0.0,0.0,0.0,0.0,1.0,100.0,0.0,0.0,0.0,0.0,0.0,0.0,,,-4.0,-4.0,-4.0,-4.0,-4.0,7.0,7.0,0.0,
Jaxon Smith-Njigba,SEA,1.0,0.0,0.0,0.0,0.0,0.0,0.0,2024,SmitJa06,3.6,0.0,0.0,1.0,1.0,100.0,0.0,1.0,100.0,1.0,35.0,1.0,35.0,0.0,0.0,,,35.0,35.0,35.0,35.0,35.0,0.0,0.0,0.0,
Amon-Ra St. Brown,DET,1.0,0.0,0.0,0.0,0.0,0.0,0.0,2024,StxxAm00,1.4,1.0,0.0,0.0,0.0,0.0,0.0,1.0,100.0,1.0,7.0,1.0,7.0,0.0,0.0,,,5.0,5.0,5.0,5.0,5.0,2.0,2.0,0.0,
Kyle Trask,TB,1.0,0.0,0.0,0.0,0.0,0.0,0.0,2024,TrasKy00,1.0,0.0,0.0,0.0,0.0,0.0,0.0,1.0,100.0,0.0,0.0,0.0,0.0,0.0,0.0,,,-3.0,-3.0,-3.0,-3.0,-3.0,8.0,8.0,0.0,
Cedrick Wilson Jr.,NO,1.0,0.0,0.0,0.0,0.0,0.0,0.0,2024,WilsCe01,1.1,0.0,1.0,0.0,2.0,100.0,0.0,1.0,100.0,0.0,0.0,0.0,0.0,0.0,0.0,,,20.0,20.0,20.0,20.0,20.0,1.0,1.0,0.0,
